"Id";"Designator";"Footprint";"Quantity";"Designation";"Supplier and ref";
1;"C16";"CP_Radial_D8.0mm_P3.80mm";1;"100nF";;;
2;"Heatsink";"Heatsink_Stonecold_HS-132_32x14mm_2xFixation1.5mm";1;"Heatsink_Stonecold_HS-132_32x14mm_2xFixation1.5mm";;;
3;"Q1,Q2,Q3";"TO254P1016X419X2286-3";3;"IRFZ44N";;;
4;"C1";"CP_Radial_D5.0mm_P2.50mm";1;"220uF";;;
5;"C4";"C_Disc_D8.0mm_W2.5mm_P5.00mm";1;"10uF";;;
6;"R3";"R_Axial_DIN0309_L9.0mm_D3.2mm_P12.70mm_Horizontal";1;"13K";;;
7;"C14,C7,C11";"C_Disc_D8.0mm_W5.0mm_P5.00mm";3;"100nF";;;
8;"D5,D6,D1,D4,D9,D8,D2";"D_A-405_P5.08mm_Vertical_AnodeUp";7;"IN5822";;;
9;"U6,U4";"DIP-14_W7.62mm";2;"IR2110";;;
10;"C10";"C_Disc_D8.0mm_W5.0mm_P5.00mm";1;"0.1uF";;;
11;"R20";"R_Axial_DIN0309_L9.0mm_D3.2mm_P12.70mm_Horizontal";1;"100K";;;
12;"R9,R10,R19";"R_Axial_DIN0309_L9.0mm_D3.2mm_P12.70mm_Horizontal";3;"100";;;
13;"R13,R15";"R_Axial_DIN0309_L9.0mm_D3.2mm_P12.70mm_Horizontal";2;"47K";;;
14;"U5";"MODULE_ESP32-DEVKITC";1;"ESP32-DEVKITC";;;
15;"C15";"C_Disc_D8.0mm_W5.0mm_P7.50mm";1;"0.1uF";;;
16;"R8,R1,R16,R7,R17,R6,R18";"R_1206_3216Metric";7;"10K";;;
17;"L2,L1";"L_Toroid_Vertical_L16.0mm_W8.0mm_P7.62mm";2;"33uH";;;
18;"F1,F2";"Fuseholder_Cylinder-6.3x32mm_Schurter_0031-8002_Horizontal_Open";2;"10A";;;
19;"C6,C5";"CP_Radial_D6.3mm_P2.50mm";2;"220uF";;;
20;"C3";"C_Disc_D8.0mm_W5.0mm_P5.00mm";1;"10uF";;;
21;"R2";"R_Axial_DIN0309_L9.0mm_D3.2mm_P12.70mm_Horizontal";1;"110K";;;
22;"J4";"BarrelJack_Horizontal";1;"BATT";;;
23;"R12,R11";"R_2512_6332Metric";2;"100K";;;
24;"R14";"R_Axial_DIN0309_L9.0mm_D3.2mm_P12.70mm_Horizontal";1;"1K";;;
25;"J2";"TerminalBlock_Altech_AK300-2_P5.00mm";1;"ISensor";;;
26;"C12";"CP_Radial_D5.0mm_P2.50mm";1;"10uF";;;
27;"U2";"DPAK170P1435X465-6N";1;"XL6009";;;
28;"U3";"TO-263-5_TabPin3";1;"LM2596S-5";;;
29;"J1";"BarrelJack_Horizontal";1;"SOLAR_IN";;;
30;"C2";"CP_Radial_D8.0mm_P3.80mm";1;"680uF";;;
31;"C8";"C_Disc_D8.0mm_W5.0mm_P5.00mm";1;"4.7uF";;;
32;"R4";"R_Axial_DIN0309_L9.0mm_D3.2mm_P12.70mm_Horizontal";1;"200K";;;
33;"D7,D3";"D_DO-41_SOD81_P10.16mm_Horizontal";2;"1N4007";;;
34;"R5";"R_Axial_DIN0309_L9.0mm_D3.2mm_P12.70mm_Horizontal";1;"5.1K";;;
35;"C17";"CP_Radial_D4.0mm_P2.00mm";1;"10uF";;;
36;"C13";"CP_Radial_D6.3mm_P2.50mm";1;"112uF";;;
37;"C9";"CP_Radial_D8.0mm_P3.80mm";1;"470uF";;;
38;"L3";"L_Toroid_Vertical_L16.0mm_W8.0mm_P7.62mm";1;"88uH";;;
39;"U1";"SOT-223-3_TabPin2";1;"AMS1117-3.3";;;
40;"J5";"PinHeader_1x04_P2.54mm_Vertical";1;"LCD";;;
41;"J3";"PinHeader_1x03_P2.54mm_Vertical";1;"ISensor_Out";;;
